Entity,Code,Year,Prevalence of current tobacco use (% of adults)
Afghanistan,AFG,2000,36.900001525878906
Afghanistan,AFG,2005,32.70000076293945
Afghanistan,AFG,2010,29.100000381469727
Afghanistan,AFG,2015,26
Afghanistan,AFG,2018,23.799999237060547
Afghanistan,AFG,2019,23.799999237060547
Afghanistan,AFG,2020,23.299999237060547
Albania,ALB,2000,35
Albania,ALB,2005,31.299999237060547
Albania,ALB,2010,28
Albania,ALB,2015,25.100000381469727
Albania,ALB,2018,23
Albania,ALB,2019,23
Albania,ALB,2020,22.399999618530273
Algeria,DZA,2000,22.200000762939453
Algeria,DZA,2005,21.799999237060547
Algeria,DZA,2010,21.5
Algeria,DZA,2015,21.100000381469727
Algeria,DZA,2018,21
Algeria,DZA,2019,21
Algeria,DZA,2020,21
Andorra,AND,2000,35.900001525878906
Andorra,AND,2005,34.79999923706055
Andorra,AND,2010,34
Andorra,AND,2015,33
Andorra,AND,2018,32
Andorra,AND,2019,32
Andorra,AND,2020,31.799999237060547
Argentina,ARG,2000,34
Argentina,ARG,2005,31.5
Argentina,ARG,2010,28.899999618530273
Argentina,ARG,2015,26.600000381469727
Argentina,ARG,2018,24.899999618530273
Argentina,ARG,2019,24.899999618530273
Argentina,ARG,2020,24.5
Armenia,ARM,2000,32
Armenia,ARM,2005,30.299999237060547
Armenia,ARM,2010,28.600000381469727
Armenia,ARM,2015,26.899999618530273
Armenia,ARM,2018,25.799999237060547
Armenia,ARM,2019,25.799999237060547
Armenia,ARM,2020,25.5
Australia,AUS,2000,24.399999618530273
Australia,AUS,2005,21.100000381469727
Australia,AUS,2010,18.200000762939453
Australia,AUS,2015,15.699999809265137
Australia,AUS,2018,14
Australia,AUS,2019,14
Australia,AUS,2020,13.600000381469727
Austria,AUT,2000,52.29999923706055
Austria,AUT,2005,43.79999923706055
Austria,AUT,2010,37.099998474121094
Austria,AUT,2015,31.200000762939453
Austria,AUT,2018,27.100000381469727
Austria,AUT,2019,27.100000381469727
Austria,AUT,2020,26.399999618530273
Azerbaijan,AZE,2000,28.700000762939453
Azerbaijan,AZE,2005,27.600000381469727
Azerbaijan,AZE,2010,26.200000762939453
Azerbaijan,AZE,2015,25.200000762939453
Azerbaijan,AZE,2018,24.200000762939453
Azerbaijan,AZE,2019,24.200000762939453
Azerbaijan,AZE,2020,24
Bahamas,BHS,2000,10.699999809265137
Bahamas,BHS,2005,10.699999809265137
Bahamas,BHS,2010,10.699999809265137
Bahamas,BHS,2015,10.600000381469727
Bahamas,BHS,2018,10.699999809265137
Bahamas,BHS,2019,10.699999809265137
Bahamas,BHS,2020,10.600000381469727
Bahrain,BHR,2000,22.200000762939453
Bahrain,BHR,2005,20
Bahrain,BHR,2010,18.100000381469727
Bahrain,BHR,2015,16.399999618530273
Bahrain,BHR,2018,15.199999809265137
Bahrain,BHR,2019,15.199999809265137
Bahrain,BHR,2020,14.899999618530273
Bangladesh,BGD,2000,57.599998474121094
Bangladesh,BGD,2005,50.29999923706055
Bangladesh,BGD,2010,44
Bangladesh,BGD,2015,38.900001525878906
Bangladesh,BGD,2018,35.20000076293945
Bangladesh,BGD,2019,35.20000076293945
Bangladesh,BGD,2020,34.70000076293945
Barbados,BRB,2000,10.199999809265137
Barbados,BRB,2005,9.699999809265137
Barbados,BRB,2010,9.199999809265137
Barbados,BRB,2015,8.800000190734863
Barbados,BRB,2018,8.5
Barbados,BRB,2019,8.5
Barbados,BRB,2020,8.5
Belarus,BLR,2000,41.79999923706055
Belarus,BLR,2005,38.79999923706055
Belarus,BLR,2010,35.79999923706055
Belarus,BLR,2015,33
Belarus,BLR,2018,30.899999618530273
Belarus,BLR,2019,30.899999618530273
Belarus,BLR,2020,30.5
Belgium,BEL,2000,33.400001525878906
Belgium,BEL,2005,30.5
Belgium,BEL,2010,28
Belgium,BEL,2015,25.700000762939453
Belgium,BEL,2018,23.899999618530273
Belgium,BEL,2019,23.899999618530273
Belgium,BEL,2020,23.399999618530273
Belize,BLZ,2000,15
Belize,BLZ,2005,13
Belize,BLZ,2010,11.300000190734863
Belize,BLZ,2015,9.699999809265137
Belize,BLZ,2018,8.800000190734863
Belize,BLZ,2019,8.800000190734863
Belize,BLZ,2020,8.5
Benin,BEN,2000,16.700000762939453
Benin,BEN,2005,13.399999618530273
Benin,BEN,2010,10.699999809265137
Benin,BEN,2015,8.600000381469727
Benin,BEN,2018,7.199999809265137
Benin,BEN,2019,7.199999809265137
Benin,BEN,2020,6.900000095367432
Bolivia,BOL,2000,32.099998474121094
Bolivia,BOL,2005,24.899999618530273
Bolivia,BOL,2010,19.5
Bolivia,BOL,2015,15.600000381469727
Bolivia,BOL,2018,13.199999809265137
Bolivia,BOL,2019,13.199999809265137
Bolivia,BOL,2020,12.699999809265137
Bosnia and Herzegovina,BIH,2000,46.599998474121094
Bosnia and Herzegovina,BIH,2005,43.400001525878906
Bosnia and Herzegovina,BIH,2010,40.29999923706055
Bosnia and Herzegovina,BIH,2015,37.70000076293945
Bosnia and Herzegovina,BIH,2018,35.5
Bosnia and Herzegovina,BIH,2019,35.5
Bosnia and Herzegovina,BIH,2020,35
Botswana,BWA,2000,33.20000076293945
Botswana,BWA,2005,28.5
Botswana,BWA,2010,24.799999237060547
Botswana,BWA,2015,21.700000762939453
Botswana,BWA,2018,19.799999237060547
Botswana,BWA,2019,19.799999237060547
Botswana,BWA,2020,19.399999618530273
Brazil,BRA,2000,23.799999237060547
Brazil,BRA,2005,20.399999618530273
Brazil,BRA,2010,17.399999618530273
Brazil,BRA,2015,14.899999618530273
Brazil,BRA,2018,13.199999809265137
Brazil,BRA,2019,13.199999809265137
Brazil,BRA,2020,12.800000190734863
Brunei,BRN,2000,16.700000762939453
Brunei,BRN,2005,16.5
Brunei,BRN,2010,16.399999618530273
Brunei,BRN,2015,16.299999237060547
Brunei,BRN,2018,16.200000762939453
Brunei,BRN,2019,16.200000762939453
Brunei,BRN,2020,16.200000762939453
Bulgaria,BGR,2000,47.5
Bulgaria,BGR,2005,45
Bulgaria,BGR,2010,42.900001525878906
Bulgaria,BGR,2015,40.70000076293945
Bulgaria,BGR,2018,39.400001525878906
Bulgaria,BGR,2019,39.400001525878906
Bulgaria,BGR,2020,39
Burkina Faso,BFA,2000,29.799999237060547
Burkina Faso,BFA,2005,24.700000762939453
Burkina Faso,BFA,2010,20.5
Burkina Faso,BFA,2015,17
Burkina Faso,BFA,2018,14.899999618530273
Burkina Faso,BFA,2019,14.899999618530273
Burkina Faso,BFA,2020,14.300000190734863
Burundi,BDI,2000,24
Burundi,BDI,2005,19.799999237060547
Burundi,BDI,2010,16.600000381469727
Burundi,BDI,2015,13.899999618530273
Burundi,BDI,2018,12.199999809265137
Burundi,BDI,2019,12.199999809265137
Burundi,BDI,2020,11.800000190734863
Cambodia,KHM,2000,42.29999923706055
Cambodia,KHM,2005,36
Cambodia,KHM,2010,30.100000381469727
Cambodia,KHM,2015,25.200000762939453
Cambodia,KHM,2018,21.899999618530273
Cambodia,KHM,2019,21.899999618530273
Cambodia,KHM,2020,21.100000381469727
Cameroon,CMR,2000,12.800000190734863
Cameroon,CMR,2005,11.199999809265137
Cameroon,CMR,2010,9.699999809265137
Cameroon,CMR,2015,8.399999618530273
Cameroon,CMR,2018,7.5
Cameroon,CMR,2019,7.5
Cameroon,CMR,2020,7.300000190734863
Canada,CAN,2000,28.399999618530273
Canada,CAN,2005,23.299999237060547
Canada,CAN,2010,19.299999237060547
Canada,CAN,2015,15.800000190734863
Canada,CAN,2018,13.600000381469727
Canada,CAN,2019,13.600000381469727
Canada,CAN,2020,13
Cape Verde,CPV,2000,20.600000381469727
Cape Verde,CPV,2005,17.799999237060547
Cape Verde,CPV,2010,15.199999809265137
Cape Verde,CPV,2015,13.100000381469727
Cape Verde,CPV,2018,11.699999809265137
Cape Verde,CPV,2019,11.699999809265137
Cape Verde,CPV,2020,11.399999618530273
Chad,TCD,2000,13.899999618530273
Chad,TCD,2005,12.199999809265137
Chad,TCD,2010,10.699999809265137
Chad,TCD,2015,9.399999618530273
Chad,TCD,2018,8.5
Chad,TCD,2019,8.5
Chad,TCD,2020,8.300000190734863
Chile,CHL,2000,46.900001525878906
Chile,CHL,2005,41.70000076293945
Chile,CHL,2010,37.099998474121094
Chile,CHL,2015,32.900001525878906
Chile,CHL,2018,29.899999618530273
Chile,CHL,2019,29.899999618530273
Chile,CHL,2020,29.200000762939453
China,CHN,2000,26.700000762939453
China,CHN,2005,26.600000381469727
China,CHN,2010,26.200000762939453
China,CHN,2015,25.899999618530273
China,CHN,2018,25.700000762939453
China,CHN,2019,25.700000762939453
China,CHN,2020,25.600000381469727
Colombia,COL,2000,15.100000381469727
Colombia,COL,2005,13.199999809265137
Colombia,COL,2010,11.399999618530273
Colombia,COL,2015,9.899999618530273
Colombia,COL,2018,8.800000190734863
Colombia,COL,2019,8.800000190734863
Colombia,COL,2020,8.5
Comoros,COM,2000,39.5
Comoros,COM,2005,32.79999923706055
Comoros,COM,2010,27.700000762939453
Comoros,COM,2015,23.5
Comoros,COM,2018,20.799999237060547
Comoros,COM,2019,20.799999237060547
Comoros,COM,2020,20.299999237060547
Congo,COG,2000,11.899999618530273
Congo,COG,2005,12.199999809265137
Congo,COG,2010,12.800000190734863
Congo,COG,2015,13.5
Congo,COG,2018,14.300000190734863
Congo,COG,2019,14.300000190734863
Congo,COG,2020,14.5
Costa Rica,CRI,2000,18
Costa Rica,CRI,2005,15
Costa Rica,CRI,2010,12.600000381469727
Costa Rica,CRI,2015,10.5
Costa Rica,CRI,2018,9.100000381469727
Costa Rica,CRI,2019,9.100000381469727
Costa Rica,CRI,2020,8.800000190734863
Cote d'Ivoire,CIV,2000,18.700000762939453
Cote d'Ivoire,CIV,2005,15.800000190734863
Cote d'Ivoire,CIV,2010,13.199999809265137
Cote d'Ivoire,CIV,2015,11.100000381469727
Cote d'Ivoire,CIV,2018,9.699999809265137
Cote d'Ivoire,CIV,2019,9.699999809265137
Cote d'Ivoire,CIV,2020,9.399999618530273
Croatia,HRV,2000,34.400001525878906
Croatia,HRV,2005,34.900001525878906
Croatia,HRV,2010,35.400001525878906
Croatia,HRV,2015,36.099998474121094
Croatia,HRV,2018,36.70000076293945
Croatia,HRV,2019,36.70000076293945
Croatia,HRV,2020,36.900001525878906
Cuba,CUB,2000,40.79999923706055
Cuba,CUB,2005,33.20000076293945
Cuba,CUB,2010,27
Cuba,CUB,2015,22
Cuba,CUB,2018,18.700000762939453
Cuba,CUB,2019,18.700000762939453
Cuba,CUB,2020,17.899999618530273
Cyprus,CYP,2000,40.900001525878906
Cyprus,CYP,2005,39.20000076293945
Cyprus,CYP,2010,37.70000076293945
Cyprus,CYP,2015,36.400001525878906
Cyprus,CYP,2018,35.5
Cyprus,CYP,2019,35.5
Cyprus,CYP,2020,35.099998474121094
Czechia,CZE,2000,34.20000076293945
Czechia,CZE,2005,33.400001525878906
Czechia,CZE,2010,32.29999923706055
Czechia,CZE,2015,31.399999618530273
Czechia,CZE,2018,30.899999618530273
Czechia,CZE,2019,30.899999618530273
Czechia,CZE,2020,30.700000762939453
Democratic Republic of Congo,COD,2000,18.799999237060547
Democratic Republic of Congo,COD,2005,16.899999618530273
Democratic Republic of Congo,COD,2010,15.399999618530273
Democratic Republic of Congo,COD,2015,14
Democratic Republic of Congo,COD,2018,13
Democratic Republic of Congo,COD,2019,13
Democratic Republic of Congo,COD,2020,12.800000190734863
Denmark,DNK,2000,37.29999923706055
Denmark,DNK,2005,30.799999237060547
Denmark,DNK,2010,25.5
Denmark,DNK,2015,21.100000381469727
Denmark,DNK,2018,18.100000381469727
Denmark,DNK,2019,18.100000381469727
Denmark,DNK,2020,17.5
Dominican Republic,DOM,2000,18.700000762939453
Dominican Republic,DOM,2005,16.100000381469727
Dominican Republic,DOM,2010,13.899999618530273
Dominican Republic,DOM,2015,12.199999809265137
Dominican Republic,DOM,2018,10.899999618530273
Dominican Republic,DOM,2019,10.899999618530273
Dominican Republic,DOM,2020,10.600000381469727
East Asia and Pacific,,2000,29.844905853271484
East Asia and Pacific,,2005,28.868635177612305
East Asia and Pacific,,2010,27.85207176208496
East Asia and Pacific,,2015,27.019237518310547
East Asia and Pacific,,2018,26.450468063354492
East Asia and Pacific,,2019,26.463796615600586
East Asia and Pacific,,2020,26.334829330444336
Ecuador,ECU,2000,18.399999618530273
Ecuador,ECU,2005,16.200000762939453
Ecuador,ECU,2010,14.5
Ecuador,ECU,2015,12.800000190734863
Ecuador,ECU,2018,11.600000381469727
Ecuador,ECU,2019,11.600000381469727
Ecuador,ECU,2020,11.300000190734863
Egypt,EGY,2000,24.299999237060547
Egypt,EGY,2005,24.100000381469727
Egypt,EGY,2010,24.299999237060547
Egypt,EGY,2015,24.299999237060547
Egypt,EGY,2018,24.399999618530273
Egypt,EGY,2019,24.399999618530273
Egypt,EGY,2020,24.299999237060547
El Salvador,SLV,2000,15.899999618530273
El Salvador,SLV,2005,13.399999618530273
El Salvador,SLV,2010,11.300000190734863
El Salvador,SLV,2015,9.5
El Salvador,SLV,2018,8.300000190734863
El Salvador,SLV,2019,8.300000190734863
El Salvador,SLV,2020,7.900000095367432
Eritrea,ERI,2000,13.300000190734863
Eritrea,ERI,2005,11.5
Eritrea,ERI,2010,10
Eritrea,ERI,2015,8.699999809265137
Eritrea,ERI,2018,7.699999809265137
Eritrea,ERI,2019,7.699999809265137
Eritrea,ERI,2020,7.5
Estonia,EST,2000,46
Estonia,EST,2005,41.599998474121094
Estonia,EST,2010,37.20000076293945
Estonia,EST,2015,33.29999923706055
Estonia,EST,2018,30.5
Estonia,EST,2019,30.5
Estonia,EST,2020,29.700000762939453
Eswatini,SWZ,2000,12.300000190734863
Eswatini,SWZ,2005,11.399999618530273
Eswatini,SWZ,2010,10.5
Eswatini,SWZ,2015,9.800000190734863
Eswatini,SWZ,2018,9.300000190734863
Eswatini,SWZ,2019,9.300000190734863
Eswatini,SWZ,2020,9.199999809265137
Ethiopia,ETH,2000,6.800000190734863
Ethiopia,ETH,2005,6.300000190734863
Ethiopia,ETH,2010,5.900000095367432
Ethiopia,ETH,2015,5.5
Ethiopia,ETH,2018,5.199999809265137
Ethiopia,ETH,2019,5.199999809265137
Ethiopia,ETH,2020,5.099999904632568
Europe and Central Asia,,2000,35.009910583496094
Europe and Central Asia,,2005,32.15574264526367
Europe and Central Asia,,2010,29.705944061279297
Europe and Central Asia,,2015,27.53977394104004
Europe and Central Asia,,2018,26.029312133789062
Europe and Central Asia,,2019,26.025659561157227
Europe and Central Asia,,2020,25.633188247680664
European Union,,2000,35.62691116333008
European Union,,2005,32.93153762817383
European Union,,2010,30.500844955444336
European Union,,2015,28.33802032470703
European Union,,2018,26.824949264526367
European Union,,2019,26.827943801879883
European Union,,2020,26.42953872680664
Fiji,FJI,2000,32.29999923706055
Fiji,FJI,2005,29.700000762939453
Fiji,FJI,2010,27.399999618530273
Fiji,FJI,2015,25.100000381469727
Fiji,FJI,2018,23.399999618530273
Fiji,FJI,2019,23.399999618530273
Fiji,FJI,2020,23.100000381469727
Finland,FIN,2000,35.70000076293945
Finland,FIN,2005,31.399999618530273
Finland,FIN,2010,27.799999237060547
Finland,FIN,2015,24.5
Finland,FIN,2018,22.200000762939453
Finland,FIN,2019,22.200000762939453
Finland,FIN,2020,21.600000381469727
France,FRA,2000,34.20000076293945
France,FRA,2005,34.099998474121094
France,FRA,2010,33.79999923706055
France,FRA,2015,33.70000076293945
France,FRA,2018,33.599998474121094
France,FRA,2019,33.599998474121094
France,FRA,2020,33.400001525878906
Gambia,GMB,2000,22.5
Gambia,GMB,2005,18.799999237060547
Gambia,GMB,2010,15.800000190734863
Gambia,GMB,2015,13.300000190734863
Gambia,GMB,2018,11.600000381469727
Gambia,GMB,2019,11.600000381469727
Gambia,GMB,2020,11.100000381469727
Georgia,GEO,2000,32.79999923706055
Georgia,GEO,2005,32.599998474121094
Georgia,GEO,2010,32.20000076293945
Georgia,GEO,2015,32
Georgia,GEO,2018,31.700000762939453
Georgia,GEO,2019,31.700000762939453
Georgia,GEO,2020,31.700000762939453
Germany,DEU,2000,36.400001525878906
Germany,DEU,2005,32.099998474121094
Germany,DEU,2010,28.299999237060547
Germany,DEU,2015,24.899999618530273
Germany,DEU,2018,22.5
Germany,DEU,2019,22.5
Germany,DEU,2020,22
Ghana,GHA,2000,7
Ghana,GHA,2005,5.900000095367432
Ghana,GHA,2010,4.900000095367432
Ghana,GHA,2015,4.199999809265137
Ghana,GHA,2018,3.5999999046325684
Ghana,GHA,2019,3.5999999046325684
Ghana,GHA,2020,3.5
Greece,GRC,2000,54.900001525878906
Greece,GRC,2005,48.5
Greece,GRC,2010,42.900001525878906
Greece,GRC,2015,37.900001525878906
Greece,GRC,2018,34.5
Greece,GRC,2019,34.5
Greece,GRC,2020,33.5
Guatemala,GTM,2000,14.300000190734863
Guatemala,GTM,2005,13.399999618530273
Guatemala,GTM,2010,12.5
Guatemala,GTM,2015,11.600000381469727
Guatemala,GTM,2018,11
Guatemala,GTM,2019,11
Guatemala,GTM,2020,10.899999618530273
Guinea-Bissau,GNB,2000,18
Guinea-Bissau,GNB,2005,15
Guinea-Bissau,GNB,2010,12.699999809265137
Guinea-Bissau,GNB,2015,10.699999809265137
Guinea-Bissau,GNB,2018,9.300000190734863
Guinea-Bissau,GNB,2019,9.300000190734863
Guinea-Bissau,GNB,2020,9
Guyana,GUY,2000,30.200000762939453
Guyana,GUY,2005,24.100000381469727
Guyana,GUY,2010,19.100000381469727
Guyana,GUY,2015,15.100000381469727
Guyana,GUY,2018,12.600000381469727
Guyana,GUY,2019,12.600000381469727
Guyana,GUY,2020,12.100000381469727
Haiti,HTI,2000,12.300000190734863
Haiti,HTI,2005,10.899999618530273
Haiti,HTI,2010,9.699999809265137
Haiti,HTI,2015,8.600000381469727
Haiti,HTI,2018,7.900000095367432
Haiti,HTI,2019,7.900000095367432
Haiti,HTI,2020,7.699999809265137
High income,,2000,34.01914596557617
High income,,2005,30.501712799072266
High income,,2010,27.461380004882812
High income,,2015,24.71280860900879
High income,,2018,22.838722229003906
High income,,2019,22.827295303344727
High income,,2020,22.39839744567871
Hungary,HUN,2000,37.400001525878906
Hungary,HUN,2005,35.900001525878906
Hungary,HUN,2010,34.599998474121094
Hungary,HUN,2015,33.20000076293945
Hungary,HUN,2018,32.20000076293945
Hungary,HUN,2019,32.20000076293945
Hungary,HUN,2020,31.799999237060547
Iceland,ISL,2000,30.200000762939453
Iceland,ISL,2005,24
Iceland,ISL,2010,19.100000381469727
Iceland,ISL,2015,15.199999809265137
Iceland,ISL,2018,12.600000381469727
Iceland,ISL,2019,12.600000381469727
Iceland,ISL,2020,12
India,IND,2000,54.5
India,IND,2005,45.5
India,IND,2010,38.099998474121094
India,IND,2015,32.20000076293945
India,IND,2018,28.100000381469727
India,IND,2019,28.100000381469727
India,IND,2020,27.200000762939453
Indonesia,IDN,2000,35.400001525878906
Indonesia,IDN,2005,35.79999923706055
Indonesia,IDN,2010,36.29999923706055
Indonesia,IDN,2015,36.70000076293945
Indonesia,IDN,2018,37.20000076293945
Indonesia,IDN,2019,37.20000076293945
Indonesia,IDN,2020,37.599998474121094
Iran,IRN,2000,21.5
Iran,IRN,2005,19
Iran,IRN,2010,17
Iran,IRN,2015,15.300000190734863
Iran,IRN,2018,14
Iran,IRN,2019,14
Iran,IRN,2020,13.600000381469727
Iraq,IRQ,2000,22
Iraq,IRQ,2005,20.600000381469727
Iraq,IRQ,2010,19.899999618530273
Iraq,IRQ,2015,19.100000381469727
Iraq,IRQ,2018,18.799999237060547
Iraq,IRQ,2019,18.799999237060547
Iraq,IRQ,2020,18.5
Ireland,IRL,2000,35.599998474121094
Ireland,IRL,2005,31.200000762939453
Ireland,IRL,2010,27.100000381469727
Ireland,IRL,2015,23.799999237060547
Ireland,IRL,2018,21.399999618530273
Ireland,IRL,2019,21.399999618530273
Ireland,IRL,2020,20.799999237060547
Israel,ISR,2000,31.700000762939453
Israel,ISR,2005,28.600000381469727
Israel,ISR,2010,25.899999618530273
Israel,ISR,2015,23.399999618530273
Israel,ISR,2018,21.600000381469727
Israel,ISR,2019,21.600000381469727
Israel,ISR,2020,21.200000762939453
Italy,ITA,2000,26.200000762939453
Italy,ITA,2005,25.299999237060547
Italy,ITA,2010,24.5
Italy,ITA,2015,23.799999237060547
Italy,ITA,2018,23.299999237060547
Italy,ITA,2019,23.299999237060547
Italy,ITA,2020,23.100000381469727
Jamaica,JAM,2000,17.399999618530273
Jamaica,JAM,2005,14.899999618530273
Jamaica,JAM,2010,12.800000190734863
Jamaica,JAM,2015,11
Jamaica,JAM,2018,9.699999809265137
Jamaica,JAM,2019,9.699999809265137
Jamaica,JAM,2020,9.399999618530273
Japan,JPN,2000,33.29999923706055
Japan,JPN,2005,29.399999618530273
Japan,JPN,2010,25.799999237060547
Japan,JPN,2015,22.700000762939453
Japan,JPN,2018,20.5
Japan,JPN,2019,20.5
Japan,JPN,2020,20.100000381469727
Jordan,JOR,2000,30.700000762939453
Jordan,JOR,2005,31.700000762939453
Jordan,JOR,2010,32.599998474121094
Jordan,JOR,2015,33.70000076293945
Jordan,JOR,2018,34.599998474121094
Jordan,JOR,2019,34.599998474121094
Jordan,JOR,2020,34.79999923706055
Kazakhstan,KAZ,2000,34.20000076293945
Kazakhstan,KAZ,2005,30.899999618530273
Kazakhstan,KAZ,2010,28.100000381469727
Kazakhstan,KAZ,2015,25.399999618530273
Kazakhstan,KAZ,2018,23.5
Kazakhstan,KAZ,2019,23.5
Kazakhstan,KAZ,2020,23.200000762939453
Kenya,KEN,2000,19.299999237060547
Kenya,KEN,2005,16.799999237060547
Kenya,KEN,2010,14.699999809265137
Kenya,KEN,2015,12.800000190734863
Kenya,KEN,2018,11.5
Kenya,KEN,2019,11.5
Kenya,KEN,2020,11.100000381469727
Kiribati,KIR,2000,68.5
Kiribati,KIR,2005,60.400001525878906
Kiribati,KIR,2010,52.70000076293945
Kiribati,KIR,2015,46.400001525878906
Kiribati,KIR,2018,41.70000076293945
Kiribati,KIR,2019,41.70000076293945
Kiribati,KIR,2020,40.599998474121094
Kuwait,KWT,2000,20
Kuwait,KWT,2005,19.5
Kuwait,KWT,2010,18.899999618530273
Kuwait,KWT,2015,18.299999237060547
Kuwait,KWT,2018,17.899999618530273
Kuwait,KWT,2019,17.899999618530273
Kuwait,KWT,2020,17.899999618530273
Kyrgyzstan,KGZ,2000,31.399999618530273
Kyrgyzstan,KGZ,2005,30.299999237060547
Kyrgyzstan,KGZ,2010,29.399999618530273
Kyrgyzstan,KGZ,2015,28.399999618530273
Kyrgyzstan,KGZ,2018,27.600000381469727
Kyrgyzstan,KGZ,2019,27.600000381469727
Kyrgyzstan,KGZ,2020,25.399999618530273
Laos,LAO,2000,52.5
Laos,LAO,2005,46.20000076293945
Laos,LAO,2010,40.5
Laos,LAO,2015,35.79999923706055
Laos,LAO,2018,32.5
Laos,LAO,2019,32.5
Laos,LAO,2020,31.799999237060547
Latin America and Caribbean,,2000,25.11482048034668
Latin America and Caribbean,,2005,21.38081932067871
Latin America and Caribbean,,2010,18.21843910217285
Latin America and Caribbean,,2015,15.614049911499023
Latin America and Caribbean,,2018,13.833571434020996
Latin America and Caribbean,,2019,13.824737548828125
Latin America and Caribbean,,2020,13.429407119750977
Latvia,LVA,2000,43.79999923706055
Latvia,LVA,2005,41.900001525878906
Latvia,LVA,2010,40.099998474121094
Latvia,LVA,2015,38.5
Latvia,LVA,2018,37.20000076293945
Latvia,LVA,2019,37.20000076293945
Latvia,LVA,2020,37
Lebanon,LBN,2000,40.20000076293945
Lebanon,LBN,2005,39.70000076293945
Lebanon,LBN,2010,39.099998474121094
Lebanon,LBN,2015,38.70000076293945
Lebanon,LBN,2018,38.400001525878906
Lebanon,LBN,2019,38.400001525878906
Lebanon,LBN,2020,38.20000076293945
Lesotho,LSO,2000,31.100000381469727
Lesotho,LSO,2005,28.899999618530273
Lesotho,LSO,2010,27.200000762939453
Lesotho,LSO,2015,25.600000381469727
Lesotho,LSO,2018,24.399999618530273
Lesotho,LSO,2019,24.399999618530273
Lesotho,LSO,2020,24.299999237060547
Liberia,LBR,2000,16.299999237060547
Liberia,LBR,2005,13.600000381469727
Liberia,LBR,2010,11.5
Liberia,LBR,2015,9.600000381469727
Liberia,LBR,2018,8.399999618530273
Liberia,LBR,2019,8.399999618530273
Liberia,LBR,2020,8.199999809265137
Lithuania,LTU,2000,41.400001525878906
Lithuania,LTU,2005,38.900001525878906
Lithuania,LTU,2010,36.400001525878906
Lithuania,LTU,2015,34
Lithuania,LTU,2018,32.29999923706055
Lithuania,LTU,2019,32.29999923706055
Lithuania,LTU,2020,32
Low and middle income,,2000,34.208438873291016
Low and middle income,,2005,30.825777053833008
Low and middle income,,2010,27.860231399536133
Low and middle income,,2015,25.342140197753906
Low and middle income,,2018,23.56290054321289
Low and middle income,,2019,23.52669334411621
Low and middle income,,2020,23.106597900390625
Low income,,2000,21.795907974243164
Low income,,2005,18.875574111938477
Low income,,2010,16.330760955810547
Low income,,2015,14.224798202514648
Low income,,2018,12.80721664428711
Low income,,2019,12.79204273223877
Low income,,2020,12.457700729370117
Lower middle income,,2000,42.54747772216797
Lower middle income,,2005,36.79188537597656
Lower middle income,,2010,31.976245880126953
Lower middle income,,2015,28.05264663696289
Lower middle income,,2018,25.33195686340332
Lower middle income,,2019,25.301687240600586
Lower middle income,,2020,24.714109420776367
Luxembourg,LUX,2000,31
Luxembourg,LUX,2005,28.200000762939453
Luxembourg,LUX,2010,25.600000381469727
Luxembourg,LUX,2015,23.200000762939453
Luxembourg,LUX,2018,21.600000381469727
Luxembourg,LUX,2019,21.600000381469727
Luxembourg,LUX,2020,21.100000381469727
Madagascar,MDG,2000,46.70000076293945
Madagascar,MDG,2005,40.70000076293945
Madagascar,MDG,2010,35.400001525878906
Madagascar,MDG,2015,31.299999237060547
Madagascar,MDG,2018,28.399999618530273
Madagascar,MDG,2019,28.399999618530273
Madagascar,MDG,2020,27.799999237060547
Malawi,MWI,2000,24.100000381469727
Malawi,MWI,2005,19.5
Malawi,MWI,2010,16
Malawi,MWI,2015,13.100000381469727
Malawi,MWI,2018,11.300000190734863
Malawi,MWI,2019,11.300000190734863
Malawi,MWI,2020,10.800000190734863
Malaysia,MYS,2000,29.5
Malaysia,MYS,2005,27.5
Malaysia,MYS,2010,25.600000381469727
Malaysia,MYS,2015,23.899999618530273
Malaysia,MYS,2018,22.799999237060547
Malaysia,MYS,2019,22.799999237060547
Malaysia,MYS,2020,22.5
Maldives,MDV,2000,38.29999923706055
Maldives,MDV,2005,34.099998474121094
Maldives,MDV,2010,30.600000381469727
Maldives,MDV,2015,27.600000381469727
Maldives,MDV,2018,25.899999618530273
Maldives,MDV,2019,25.899999618530273
Maldives,MDV,2020,25.200000762939453
Mali,MLI,2000,16.299999237060547
Mali,MLI,2005,13.800000190734863
Mali,MLI,2010,11.600000381469727
Mali,MLI,2015,9.899999618530273
Mali,MLI,2018,8.600000381469727
Mali,MLI,2019,8.600000381469727
Mali,MLI,2020,8.300000190734863
Malta,MLT,2000,34.29999923706055
Malta,MLT,2005,31.399999618530273
Malta,MLT,2010,28.600000381469727
Malta,MLT,2015,26.299999237060547
Malta,MLT,2018,24.5
Malta,MLT,2019,24.5
Malta,MLT,2020,24
Marshall Islands,MHL,2000,28.5
Marshall Islands,MHL,2005,28.399999618530273
Marshall Islands,MHL,2010,28.399999618530273
Marshall Islands,MHL,2015,28.399999618530273
Marshall Islands,MHL,2018,28.399999618530273
Marshall Islands,MHL,2019,28.399999618530273
Marshall Islands,MHL,2020,28.5
Mauritania,MRT,2000,21.299999237060547
Mauritania,MRT,2005,17.899999618530273
Mauritania,MRT,2010,15.100000381469727
Mauritania,MRT,2015,12.600000381469727
Mauritania,MRT,2018,11.100000381469727
Mauritania,MRT,2019,11.100000381469727
Mauritania,MRT,2020,10.699999809265137
Mauritius,MUS,2000,25.5
Mauritius,MUS,2005,24.100000381469727
Mauritius,MUS,2010,22.700000762939453
Mauritius,MUS,2015,21.399999618530273
Mauritius,MUS,2018,20.5
Mauritius,MUS,2019,20.5
Mauritius,MUS,2020,20.200000762939453
Mexico,MEX,2000,24
Mexico,MEX,2005,20.600000381469727
Mexico,MEX,2010,17.700000762939453
Mexico,MEX,2015,15.199999809265137
Mexico,MEX,2018,13.399999618530273
Mexico,MEX,2019,13.399999618530273
Mexico,MEX,2020,13.100000381469727
Middle East and North Africa,,2000,23.201601028442383
Middle East and North Africa,,2005,21.8269100189209
Middle East and North Africa,,2010,20.795244216918945
Middle East and North Africa,,2015,19.906993865966797
Middle East and North Africa,,2018,19.34690284729004
Middle East and North Africa,,2019,19.35148048400879
Middle East and North Africa,,2020,19.157106399536133
Middle income,,2000,34.89277648925781
Middle income,,2005,31.51974105834961
Middle income,,2010,28.579418182373047
Middle income,,2015,26.101043701171875
Middle income,,2018,24.33986473083496
Middle income,,2019,24.317546844482422
Middle income,,2020,23.906980514526367
Moldova,MDA,2000,25.299999237060547
Moldova,MDA,2005,26
Moldova,MDA,2010,26.899999618530273
Moldova,MDA,2015,27.899999618530273
Moldova,MDA,2018,28.700000762939453
Moldova,MDA,2019,28.700000762939453
Moldova,MDA,2020,29
Mongolia,MNG,2000,34.099998474121094
Mongolia,MNG,2005,32.900001525878906
Mongolia,MNG,2010,31.600000381469727
Mongolia,MNG,2015,30.600000381469727
Mongolia,MNG,2018,29.600000381469727
Mongolia,MNG,2019,29.600000381469727
Mongolia,MNG,2020,29.399999618530273
Montenegro,MNE,2000,38.70000076293945
Montenegro,MNE,2005,36.70000076293945
Montenegro,MNE,2010,34.900001525878906
Montenegro,MNE,2015,33.099998474121094
Montenegro,MNE,2018,31.799999237060547
Montenegro,MNE,2019,31.799999237060547
Montenegro,MNE,2020,31.399999618530273
Morocco,MAR,2000,22.5
Morocco,MAR,2005,20.100000381469727
Morocco,MAR,2010,18.100000381469727
Morocco,MAR,2015,16.200000762939453
Morocco,MAR,2018,14.899999618530273
Morocco,MAR,2019,14.899999618530273
Morocco,MAR,2020,14.5
Mozambique,MOZ,2000,29.399999618530273
Mozambique,MOZ,2005,24.5
Mozambique,MOZ,2010,20.5
Mozambique,MOZ,2015,17
Mozambique,MOZ,2018,14.800000190734863
Mozambique,MOZ,2019,14.800000190734863
Mozambique,MOZ,2020,14.300000190734863
Myanmar,MMR,2000,66.9000015258789
Myanmar,MMR,2005,60.599998474121094
Myanmar,MMR,2010,54.599998474121094
Myanmar,MMR,2015,48.79999923706055
Myanmar,MMR,2018,45.099998474121094
Myanmar,MMR,2019,45.099998474121094
Myanmar,MMR,2020,44.099998474121094
Namibia,NAM,2000,25.600000381469727
Namibia,NAM,2005,22.299999237060547
Namibia,NAM,2010,19.5
Namibia,NAM,2015,17.100000381469727
Namibia,NAM,2018,15.5
Namibia,NAM,2019,15.5
Namibia,NAM,2020,15.100000381469727
Nauru,NRU,2000,63.400001525878906
Nauru,NRU,2005,59.20000076293945
Nauru,NRU,2010,55.5
Nauru,NRU,2015,51.79999923706055
Nauru,NRU,2018,49.20000076293945
Nauru,NRU,2019,49.20000076293945
Nauru,NRU,2020,48.5
Nepal,NPL,2000,64.5
Nepal,NPL,2005,53.5
Nepal,NPL,2010,43.599998474121094
Nepal,NPL,2015,36
Nepal,NPL,2018,31.5
Nepal,NPL,2019,31.5
Nepal,NPL,2020,30.399999618530273
Netherlands,NLD,2000,34.29999923706055
Netherlands,NLD,2005,30.600000381469727
Netherlands,NLD,2010,27.5
Netherlands,NLD,2015,24.600000381469727
Netherlands,NLD,2018,22.600000381469727
Netherlands,NLD,2019,22.600000381469727
Netherlands,NLD,2020,22.200000762939453
New Zealand,NZL,2000,29.600000381469727
New Zealand,NZL,2005,24.299999237060547
New Zealand,NZL,2010,20.100000381469727
New Zealand,NZL,2015,16.5
New Zealand,NZL,2018,14.199999809265137
New Zealand,NZL,2019,14.199999809265137
New Zealand,NZL,2020,13.699999809265137
Niger,NER,2000,9.699999809265137
Niger,NER,2005,9
Niger,NER,2010,8.399999618530273
Niger,NER,2015,7.900000095367432
Niger,NER,2018,7.599999904632568
Niger,NER,2019,7.599999904632568
Niger,NER,2020,7.400000095367432
Nigeria,NGA,2000,9.300000190734863
Nigeria,NGA,2005,7.400000095367432
Nigeria,NGA,2010,5.900000095367432
Nigeria,NGA,2015,4.699999809265137
Nigeria,NGA,2018,3.9000000953674316
Nigeria,NGA,2019,3.9000000953674316
Nigeria,NGA,2020,3.700000047683716
North America,,2000,33.25489807128906
North America,,2005,29.855728149414062
North America,,2010,27.10232925415039
North America,,2015,24.314308166503906
North America,,2018,22.37063217163086
North America,,2019,22.363115310668945
North America,,2020,21.941408157348633
North Korea,PRK,2000,28.5
North Korea,PRK,2005,25.200000762939453
North Korea,PRK,2010,22.299999237060547
North Korea,PRK,2015,19.600000381469727
North Korea,PRK,2018,17.799999237060547
North Korea,PRK,2019,17.799999237060547
North Korea,PRK,2020,17.399999618530273
Norway,NOR,2000,44
Norway,NOR,2005,34.29999923706055
Norway,NOR,2010,26.700000762939453
Norway,NOR,2015,20.700000762939453
Norway,NOR,2018,17.100000381469727
Norway,NOR,2019,17.100000381469727
Norway,NOR,2020,16.200000762939453
Oman,OMN,2000,7.599999904632568
Oman,OMN,2005,7.699999809265137
Oman,OMN,2010,7.699999809265137
Oman,OMN,2015,7.800000190734863
Oman,OMN,2018,7.900000095367432
Oman,OMN,2019,7.900000095367432
Oman,OMN,2020,8
Pakistan,PAK,2000,37.5
Pakistan,PAK,2005,31.899999618530273
Pakistan,PAK,2010,27.399999618530273
Pakistan,PAK,2015,23.600000381469727
Pakistan,PAK,2018,20.799999237060547
Pakistan,PAK,2019,20.799999237060547
Pakistan,PAK,2020,20.200000762939453
Palau,PLW,2000,26.100000381469727
Palau,PLW,2005,23.700000762939453
Palau,PLW,2010,21.399999618530273
Palau,PLW,2015,19.399999618530273
Palau,PLW,2018,17.899999618530273
Palau,PLW,2019,17.899999618530273
Palau,PLW,2020,17.600000381469727
Panama,PAN,2000,13.399999618530273
Panama,PAN,2005,10.5
Panama,PAN,2010,8.199999809265137
Panama,PAN,2015,6.400000095367432
Panama,PAN,2018,5.300000190734863
Panama,PAN,2019,5.300000190734863
Panama,PAN,2020,5
Papua New Guinea,PNG,2000,54.099998474121094
Papua New Guinea,PNG,2005,49.70000076293945
Papua New Guinea,PNG,2010,45.900001525878906
Papua New Guinea,PNG,2015,42.5
Papua New Guinea,PNG,2018,39.900001525878906
Papua New Guinea,PNG,2019,39.900001525878906
Papua New Guinea,PNG,2020,39.29999923706055
Paraguay,PRY,2000,29.100000381469727
Paraguay,PRY,2005,23
Paraguay,PRY,2010,18.200000762939453
Paraguay,PRY,2015,14.5
Paraguay,PRY,2018,12.100000381469727
Paraguay,PRY,2019,12.100000381469727
Paraguay,PRY,2020,11.5
Peru,PER,2000,32.900001525878906
Peru,PER,2005,23.100000381469727
Peru,PER,2010,16.299999237060547
Peru,PER,2015,11.5
Peru,PER,2018,8.699999809265137
Peru,PER,2019,8.699999809265137
Peru,PER,2020,8.100000381469727
Philippines,PHL,2000,34.900001525878906
Philippines,PHL,2005,31.600000381469727
Philippines,PHL,2010,28.299999237060547
Philippines,PHL,2015,25.399999618530273
Philippines,PHL,2018,23.399999618530273
Philippines,PHL,2019,23.399999618530273
Philippines,PHL,2020,22.899999618530273
Poland,POL,2000,39.599998474121094
Poland,POL,2005,35
Poland,POL,2010,30.799999237060547
Poland,POL,2015,27.200000762939453
Poland,POL,2018,24.700000762939453
Poland,POL,2019,24.700000762939453
Poland,POL,2020,24
Portugal,PRT,2000,25.700000762939453
Portugal,PRT,2005,25.299999237060547
Portugal,PRT,2010,25.299999237060547
Portugal,PRT,2015,25.200000762939453
Portugal,PRT,2018,25.299999237060547
Portugal,PRT,2019,25.299999237060547
Portugal,PRT,2020,25.399999618530273
Qatar,QAT,2000,13.5
Qatar,QAT,2005,13
Qatar,QAT,2010,12.600000381469727
Qatar,QAT,2015,12.199999809265137
Qatar,QAT,2018,12
Qatar,QAT,2019,12
Qatar,QAT,2020,11.800000190734863
Romania,ROU,2000,35
Romania,ROU,2005,33.20000076293945
Romania,ROU,2010,31.399999618530273
Romania,ROU,2015,29.700000762939453
Romania,ROU,2018,28.399999618530273
Romania,ROU,2019,28.399999618530273
Romania,ROU,2020,28
Russia,RUS,2000,33.29999923706055
Russia,RUS,2005,31.299999237060547
Russia,RUS,2010,29.799999237060547
Russia,RUS,2015,28.299999237060547
Russia,RUS,2018,27.100000381469727
Russia,RUS,2019,27.100000381469727
Russia,RUS,2020,26.799999237060547
Rwanda,RWA,2000,24.799999237060547
Rwanda,RWA,2005,21.299999237060547
Rwanda,RWA,2010,18.5
Rwanda,RWA,2015,15.899999618530273
Rwanda,RWA,2018,14.100000381469727
Rwanda,RWA,2019,14.100000381469727
Rwanda,RWA,2020,13.699999809265137
Samoa,WSM,2000,39
Samoa,WSM,2005,35
Samoa,WSM,2010,31.399999618530273
Samoa,WSM,2015,28.100000381469727
Samoa,WSM,2018,25.899999618530273
Samoa,WSM,2019,25.899999618530273
Samoa,WSM,2020,25.299999237060547
Sao Tome and Principe,STP,2000,7.800000190734863
Sao Tome and Principe,STP,2005,7.199999809265137
Sao Tome and Principe,STP,2010,6.599999904632568
Sao Tome and Principe,STP,2015,6.199999809265137
Sao Tome and Principe,STP,2018,5.800000190734863
Sao Tome and Principe,STP,2019,5.800000190734863
Sao Tome and Principe,STP,2020,5.699999809265137
Saudi Arabia,SAU,2000,14.199999809265137
Saudi Arabia,SAU,2005,14.199999809265137
Saudi Arabia,SAU,2010,14.199999809265137
Saudi Arabia,SAU,2015,14.199999809265137
Saudi Arabia,SAU,2018,14.199999809265137
Saudi Arabia,SAU,2019,14.199999809265137
Saudi Arabia,SAU,2020,14.300000190734863
Senegal,SEN,2000,14.300000190734863
Senegal,SEN,2005,11.899999618530273
Senegal,SEN,2010,9.899999618530273
Senegal,SEN,2015,8.300000190734863
Senegal,SEN,2018,7.099999904632568
Senegal,SEN,2019,7.099999904632568
Senegal,SEN,2020,6.900000095367432
Serbia,SRB,2000,45.099998474121094
Serbia,SRB,2005,43.70000076293945
Serbia,SRB,2010,42.29999923706055
Serbia,SRB,2015,40.900001525878906
Serbia,SRB,2018,40.099998474121094
Serbia,SRB,2019,40.099998474121094
Serbia,SRB,2020,39.79999923706055
Seychelles,SYC,2000,28.700000762939453
Seychelles,SYC,2005,26.200000762939453
Seychelles,SYC,2010,24
Seychelles,SYC,2015,22.100000381469727
Seychelles,SYC,2018,20.600000381469727
Seychelles,SYC,2019,20.600000381469727
Seychelles,SYC,2020,20.200000762939453
Sierra Leone,SLE,2000,43.70000076293945
Sierra Leone,SLE,2005,32.599998474121094
Sierra Leone,SLE,2010,24.299999237060547
Sierra Leone,SLE,2015,18.100000381469727
Sierra Leone,SLE,2018,14.300000190734863
Sierra Leone,SLE,2019,14.300000190734863
Sierra Leone,SLE,2020,13.5
Singapore,SGP,2000,16.399999618530273
Singapore,SGP,2005,16.5
Singapore,SGP,2010,16.5
Singapore,SGP,2015,16.5
Singapore,SGP,2018,16.600000381469727
Singapore,SGP,2019,16.600000381469727
Singapore,SGP,2020,16.5
Slovakia,SVK,2000,32
Slovakia,SVK,2005,31.700000762939453
Slovakia,SVK,2010,31.600000381469727
Slovakia,SVK,2015,31.5
Slovakia,SVK,2018,31.5
Slovakia,SVK,2019,31.5
Slovakia,SVK,2020,31.5
Slovenia,SVN,2000,25.100000381469727
Slovenia,SVN,2005,24.200000762939453
Slovenia,SVN,2010,23.5
Slovenia,SVN,2015,22.700000762939453
Slovenia,SVN,2018,22.299999237060547
Slovenia,SVN,2019,22.299999237060547
Slovenia,SVN,2020,22
Solomon Islands,SLB,2000,43.5
Solomon Islands,SLB,2005,41.29999923706055
Solomon Islands,SLB,2010,39.599998474121094
Solomon Islands,SLB,2015,37.900001525878906
Solomon Islands,SLB,2018,36.79999923706055
Solomon Islands,SLB,2019,36.79999923706055
Solomon Islands,SLB,2020,36.5
South Africa,ZAF,2000,23.5
South Africa,ZAF,2005,22.5
South Africa,ZAF,2010,21.600000381469727
South Africa,ZAF,2015,21
South Africa,ZAF,2018,20.399999618530273
South Africa,ZAF,2019,20.399999618530273
South Africa,ZAF,2020,20.299999237060547
South Asia,,2000,52.749149322509766
South Asia,,2005,44.30813980102539
South Asia,,2010,37.33818435668945
South Asia,,2015,31.752792358398438
South Asia,,2018,27.87263298034668
South Asia,,2019,27.86772346496582
South Asia,,2020,27.041576385498047
South Korea,KOR,2000,35
South Korea,KOR,2005,30.700000762939453
South Korea,KOR,2010,27
South Korea,KOR,2015,23.799999237060547
South Korea,KOR,2018,21.399999618530273
South Korea,KOR,2019,21.399999618530273
South Korea,KOR,2020,20.799999237060547
Spain,ESP,2000,36.79999923706055
Spain,ESP,2005,34.29999923706055
Spain,ESP,2010,31.899999618530273
Spain,ESP,2015,29.700000762939453
Spain,ESP,2018,28.100000381469727
Spain,ESP,2019,28.100000381469727
Spain,ESP,2020,27.700000762939453
Sri Lanka,LKA,2000,28.5
Sri Lanka,LKA,2005,26.5
Sri Lanka,LKA,2010,24.799999237060547
Sri Lanka,LKA,2015,23.299999237060547
Sri Lanka,LKA,2018,22.299999237060547
Sri Lanka,LKA,2019,22.299999237060547
Sri Lanka,LKA,2020,22
Sub-Saharan Africa,,2000,17.55803680419922
Sub-Saharan Africa,,2005,14.953606605529785
Sub-Saharan Africa,,2010,12.811834335327148
Sub-Saharan Africa,,2015,11.054962158203125
Sub-Saharan Africa,,2018,9.8748197555542
Sub-Saharan Africa,,2019,9.864234924316406
Sub-Saharan Africa,,2020,9.581931114196777
Sweden,SWE,2000,43.79999923706055
Sweden,SWE,2005,37.599998474121094
Sweden,SWE,2010,32.29999923706055
Sweden,SWE,2015,27.899999618530273
Sweden,SWE,2018,24.799999237060547
Sweden,SWE,2019,24.799999237060547
Sweden,SWE,2020,24
Switzerland,CHE,2000,28.299999237060547
Switzerland,CHE,2005,27.700000762939453
Switzerland,CHE,2010,26.899999618530273
Switzerland,CHE,2015,26.200000762939453
Switzerland,CHE,2018,25.700000762939453
Switzerland,CHE,2019,25.700000762939453
Switzerland,CHE,2020,25.5
Tanzania,TZA,2000,27.799999237060547
Tanzania,TZA,2005,20.700000762939453
Tanzania,TZA,2010,15.5
Tanzania,TZA,2015,11.600000381469727
Tanzania,TZA,2018,9.199999809265137
Tanzania,TZA,2019,9.199999809265137
Tanzania,TZA,2020,8.699999809265137
Thailand,THA,2000,31.700000762939453
Thailand,THA,2005,28.799999237060547
Thailand,THA,2010,26.299999237060547
Thailand,THA,2015,24.100000381469727
Thailand,THA,2018,22.5
Thailand,THA,2019,22.5
Thailand,THA,2020,22.100000381469727
Timor,TLS,2000,53.5
Timor,TLS,2005,49.5
Timor,TLS,2010,46
Timor,TLS,2015,42.5
Timor,TLS,2018,39.79999923706055
Timor,TLS,2019,39.79999923706055
Timor,TLS,2020,39.20000076293945
Togo,TGO,2000,14.399999618530273
Togo,TGO,2005,11.899999618530273
Togo,TGO,2010,9.800000190734863
Togo,TGO,2015,8.199999809265137
Togo,TGO,2018,7.099999904632568
Togo,TGO,2019,7.099999904632568
Togo,TGO,2020,6.800000190734863
Tonga,TON,2000,33.5
Tonga,TON,2005,32.79999923706055
Tonga,TON,2010,32.099998474121094
Tonga,TON,2015,31.600000381469727
Tonga,TON,2018,31.100000381469727
Tonga,TON,2019,31.100000381469727
Tonga,TON,2020,31
Tunisia,TUN,2000,34.29999923706055
Tunisia,TUN,2005,31.600000381469727
Tunisia,TUN,2010,29
Tunisia,TUN,2015,26.600000381469727
Tunisia,TUN,2018,25
Tunisia,TUN,2019,25
Tunisia,TUN,2020,24.600000381469727
Turkey,TUR,2000,32.900001525878906
Turkey,TUR,2005,32.20000076293945
Turkey,TUR,2010,31.700000762939453
Turkey,TUR,2015,31.100000381469727
Turkey,TUR,2018,30.899999618530273
Turkey,TUR,2019,30.899999618530273
Turkey,TUR,2020,30.700000762939453
Turkmenistan,TKM,2000,12
Turkmenistan,TKM,2005,9.899999618530273
Turkmenistan,TKM,2010,8.199999809265137
Turkmenistan,TKM,2015,6.699999809265137
Turkmenistan,TKM,2018,5.800000190734863
Turkmenistan,TKM,2019,5.800000190734863
Turkmenistan,TKM,2020,5.5
Tuvalu,TUV,2000,48.79999923706055
Tuvalu,TUV,2005,45.29999923706055
Tuvalu,TUV,2010,41.79999923706055
Tuvalu,TUV,2015,38.400001525878906
Tuvalu,TUV,2018,36
Tuvalu,TUV,2019,36
Tuvalu,TUV,2020,35.599998474121094
Uganda,UGA,2000,24.700000762939453
Uganda,UGA,2005,18.799999237060547
Uganda,UGA,2010,14.300000190734863
Uganda,UGA,2015,10.899999618530273
Uganda,UGA,2018,8.899999618530273
Uganda,UGA,2019,8.899999618530273
Uganda,UGA,2020,8.399999618530273
Ukraine,UKR,2000,37.70000076293945
Ukraine,UKR,2005,34.29999923706055
Ukraine,UKR,2010,31.100000381469727
Ukraine,UKR,2015,28.399999618530273
Ukraine,UKR,2018,26.200000762939453
Ukraine,UKR,2019,26.200000762939453
Ukraine,UKR,2020,25.799999237060547
United Kingdom,GBR,2000,37.900001525878906
United Kingdom,GBR,2005,30.100000381469727
United Kingdom,GBR,2010,24.100000381469727
United Kingdom,GBR,2015,19.299999237060547
United Kingdom,GBR,2018,16.100000381469727
United Kingdom,GBR,2019,16.100000381469727
United Kingdom,GBR,2020,15.399999618530273
United States,USA,2000,33.79999923706055
United States,USA,2005,30.600000381469727
United States,USA,2010,28
United States,USA,2015,25.299999237060547
United States,USA,2018,23.399999618530273
United States,USA,2019,23.399999618530273
United States,USA,2020,23
Upper middle income,,2000,27.491104125976562
Upper middle income,,2005,26.275110244750977
Upper middle income,,2010,25.03505516052246
Upper middle income,,2015,23.968036651611328
Upper middle income,,2018,23.22394561767578
Upper middle income,,2019,23.19883155822754
Upper middle income,,2020,22.97896957397461
Uruguay,URY,2000,35.29999923706055
Uruguay,URY,2005,31.200000762939453
Uruguay,URY,2010,27.5
Uruguay,URY,2015,24.299999237060547
Uruguay,URY,2018,22
Uruguay,URY,2019,22
Uruguay,URY,2020,21.5
Uzbekistan,UZB,2000,24.899999618530273
Uzbekistan,UZB,2005,22.700000762939453
Uzbekistan,UZB,2010,20.899999618530273
Uzbekistan,UZB,2015,19.100000381469727
Uzbekistan,UZB,2018,17.799999237060547
Uzbekistan,UZB,2019,17.799999237060547
Uzbekistan,UZB,2020,17.600000381469727
Vanuatu,VUT,2000,25.600000381469727
Vanuatu,VUT,2005,23.299999237060547
Vanuatu,VUT,2010,21.299999237060547
Vanuatu,VUT,2015,19.399999618530273
Vanuatu,VUT,2018,18.200000762939453
Vanuatu,VUT,2019,18.200000762939453
Vanuatu,VUT,2020,17.799999237060547
Vietnam,VNM,2000,29.799999237060547
Vietnam,VNM,2005,28.299999237060547
Vietnam,VNM,2010,27
Vietnam,VNM,2015,26
Vietnam,VNM,2018,25
Vietnam,VNM,2019,25
Vietnam,VNM,2020,24.799999237060547
World,OWID_WRL,2000,34.1702995300293
World,OWID_WRL,2005,30.76335334777832
World,OWID_WRL,2010,27.7857723236084
World,OWID_WRL,2015,25.228687286376953
World,OWID_WRL,2018,23.435075759887695
World,OWID_WRL,2019,23.40416717529297
World,OWID_WRL,2020,22.983301162719727
Yemen,YEM,2000,27.299999237060547
Yemen,YEM,2005,25.299999237060547
Yemen,YEM,2010,23.399999618530273
Yemen,YEM,2015,21.799999237060547
Yemen,YEM,2018,20.5
Yemen,YEM,2019,20.5
Yemen,YEM,2020,20.299999237060547
Zambia,ZMB,2000,19.899999618530273
Zambia,ZMB,2005,18.100000381469727
Zambia,ZMB,2010,16.700000762939453
Zambia,ZMB,2015,15.5
Zambia,ZMB,2018,14.600000381469727
Zambia,ZMB,2019,14.600000381469727
Zambia,ZMB,2020,14.399999618530273
Zimbabwe,ZWE,2000,21
Zimbabwe,ZWE,2005,18.100000381469727
Zimbabwe,ZWE,2010,15.600000381469727
Zimbabwe,ZWE,2015,13.600000381469727
Zimbabwe,ZWE,2018,12.100000381469727
Zimbabwe,ZWE,2019,12.100000381469727
Zimbabwe,ZWE,2020,11.699999809265137